Track Name,Artists,Album,URI,Release Date
Ye Chota Nuvvunna ,"Guru Randhawa, Tulsi Kumar, Haricharan","Ye Chota Nuvvunna (From ""Saaho"")",499rs8fMaltXk2BOlq9P0m,2019-08-02
Nee Choopule,"Haricharan, K. S. Chithra",Endukante Premanta,2FPYJZygSLhD9RdPvEnBha,2012-04-29
Sundari,Jaspreet Jasz,Khaidi No 150,37qEgpLxOJN2jpxo2yEl64,2017-01-05
You & Me,"Hariharan, Shreya Ghoshal",Khaidi No 150,008lRa3qOTxsZE3UeKW8yp,2017-01-05
Allegro,"Devi Sri Prasad, Rita",Kanthaswamy (Original Motion Picture Soundtrack),6lINfLttHSl6Q0uGyCFVsw,2009-05-07
Excuse Me,"Devi Sri Prasad, Vikram, Suchitra",Kanthaswamy (Original Motion Picture Soundtrack),4lGIy8N9aPgfUf04oFH2GS,2009-05-07
Yevevo,"Akhil Akkineni, Jonita Gandhi",Hello!,2zpzbfEexXPmymYNWU1Bha,2017-12-06
Mental Manadhil,"A.R. Rahman, Jonita Gandhi",O Kadhal Kanmani (Original Motion Picture Soundtrack),4mOmWSdTmf6fSAibGWCKp7,2015-04-07
The Naari Naari Song ,"Sachin-Jigar, Vishal Dadlani, Jonita Gandhi","The Naari Naari Song (From ""Made in China"")",0VhKdIMXZ3INkyDoIyPy5l,2019-10-09
Maacho,"A.R. Rahman, Sid Sriram, Shweta Mohan",Mersal (Original Motion Picture Soundtrack),1L5jOr4vqumGibHTQtVwWq,2017-08-20
Manasulone Nilichipoke,Chinmayi,Varudu Kaavalenu,2ZsCyXSXq6MzF8ErgKsY52,2021-10-25
Pataas Pilla,"Sricharan Pakala, Anirudh Ravichander",DJ Tillu,7ox1JFNmfgRtUBY1kx2aIj,2022-01-24
Quit Pannuda,Anirudh Ravichander,Master (Original Motion Picture Soundtrack),66N9OkT3uarJxuzD7iU4BP,2020-03-16
Bhavani Theme - Background Score,Anirudh Ravichander,Master (Original Background Score),4SwrKUWClv1t4HqK5SeMCo,2021-02-08
"Yaanji - From ""Vikram Vedha""","Sam C.S., Anirudh Ravichander, Shakthisree Gopalan","Yaanji (From ""Vikram Vedha"")",6EB454nVg2u6sbeCvWAPej,2017-06-12
Oh Penne,"Anirudh Ravichander, Vishal Dadlani",Vanakkam Chennai (Original Motion Picture Soundtrack),1zAkNzJZVPrWDCnowb1vpZ,2013-07-31
Po Indru Neeyaga,"Anirudh Ravichander, Dhanush",Velai Illa Pattadhaari (Original Motion Picture Soundtrack),7fttjqzmvgvpRQoOzyYng3,2016-01-14
Vaathi Coming,"Anirudh Ravichander, Gana Balachandar",Master (Original Motion Picture Soundtrack),2BcPFQ7nrtUObgAs72xaac,2020-03-16
Beast Announcement Theme,Anirudh Ravichander,"Beast Announcement Theme (From ""Beast"")",6jiMGpaN4Sx7xYlSQqfjnz,2022-02-23
Gaali Vaaluga,Anirudh Ravichander,Agnyaathavaasi,5pOY1Vg2TIIbVBfR6yAg0C,2017-11-07
Hoyna Hoyna,"Anirudh Ravichander, Inno Genga",Gang Leader (Original Motion Picture Soundtrack),7mNQwVYgoB3mtjkjCKsbXM,2019-09-05
Senjitaley,Anirudh Ravichander,Remo (Original Motion Picture Soundtrack),2RB3zzgxWc2RRBaJOkSEka,2016-09-05
Why This Kolaveri Di? - The Soup of Love,"Anirudh Ravichander, Dhanush",Why This Kolaveri Di? (The Soup of Love),2VGs7EmaIxq96Wcog6DQOc,2011-11-16
Chellamma ,"Anirudh Ravichander, Jonita Gandhi","Chellamma (From ""Doctor"")",0fGclndst25Qqy8j4u5De5,2020-07-16
Oru Paathi Kadhavu,"Haricharan,Vandana Srinivasan",Thaandavam,spotify:local:Haricharan%2CVandana+Srinivasan:Thaandavam:Oru+Paathi+Kadhavu:335,None
Oh Oh - The First Love of Tamizh,"Anirudh Ravichander, Dhanush, Nikhita Gandhi",Thangamagan (Original Motion Picture Soundtrack),3B4Wf3Fo11BXSuVPi1dtDO,2015-11-27
Senthoora,"D. Imman, Luksimi Sivaneswaralingam",Bogan (Original Motion Picture Soundtrack),6LtQGnMSsQ859t930Anbyk,2016-12-03
Damn Damn,"M.M. Manasi, Sherin Shahana",Vanamagan (Original Motion Picture Soundtrack),5E77whCdMnf9lYf1dxBm6f,2017-04-22
Yemma Yea Alagamma,"Bombay Jayashri, Haricharan",Vanamagan (Original Motion Picture Soundtrack),3vaYzaOkZuxG7R4J3jkwr6,2017-04-22
Stylish Thamizhachi,"Yuvan Shankar Raja, M.M. Manasi, Rubba Bend.Psycho Unit",Arrambam (Original Motion Picture Soundtrack),3SwCB7tN5NxOrXURK1cx2A,2013-09-23
Don't You Mess With Me,"Anirudh Ravichander, Shruti Haasan, Shakthisree Gopalan",Vedalam (Original Motion Picture Soundtrack),2Au8e2PqCSiCo1BC1AdEeZ,2015-10-16
Oru Paadhi Kadhavu,Arjun Shiv Shankar,Oru Paadhi Kadhavu,6RzlyKWq3HhtQBCIshvYY1,2021-11-07
Oru Paathi Kadhavu,"Haricharan,Vandana Srinivasan",Thandavam,spotify:local:Haricharan%2CVandana+Srinivasan:Thandavam:Oru+Paathi+Kadhavu+-+isaimini.com:335,None
Oru Paadhi Kadhavu,"Thushani Pillai, Jerone B",Unplugged Series,30U1ndQmBzpE6Qqq5lS5Tz,2021-05-14
Mudhal Mazhai,"Prasanna.R, Hariharan, Mahathi",Vikram Hits,2SpXWvC0VX6g14U5dXRFMP,2013-05-29
Mudhal Mazhai,"Prasanna.R, Hariharan, Mahathi",Singer Special Hariharan and K.J.Jesudas,2fsRouU9GgRh1jeObvYhBh,2013-05-13
Maari Thara Local - Here Comes Maari,"Anirudh Ravichander, Dhanush",Maari (Original Motion Picture Soundtrack),7w4kFO2slzHCu1qEOMaPkl,2015-06-07
Why This Kolaveri Di? - The Soup of Love,"Anirudh Ravichander, Dhanush",3 (Original Motion Picture Soundtrack),5AjYjRsiIPAKjRP182ocKB,2011-12-23
Maruvaarthai,"Darbuka Siva, Sid Sriram",Enai Noki Paayum Thota (Original Motion Picture Soundtrack),6A79kP682lpUXnwcl5575F,2017-10-18
Enna Solla - The New Life of Tamizh,"Anirudh Ravichander, Shweta Mohan",Thangamagan (Original Motion Picture Soundtrack),2109dBho14Lqh2wr8goqAP,2015-11-27
What a Karavaad,"Anirudh Ravichander, Dhanush",Velai Illa Pattadhaari (Original Motion Picture Soundtrack),5EjVRbQFSLYyeNLlO7qGLY,2016-01-14
Idhazhin Oram - The Innocence of Love,"Anirudh Ravichander, Ajesh",3 (Original Motion Picture Soundtrack),6NwEpX2JUWHVKWfDDfcqC4,2011-12-23
Ayyayo,"G. V. Prakash, S. P. Balasubrahmanyam, S.P.Charan, Prashanthini",Aadukalam (Original Motion Picture Soundtrack),5DYfTyqUNBmOnQtljQjYk2,2010-11-08
Ey Inge Paaru,Anirudh Ravichander,Velai Illa Pattadhaari (Original Motion Picture Soundtrack),1J5lU9Mndqr74V7yVT8vgm,2016-01-14
Naan Dhaan Da Mass,"Santhosh Narayanan, ofRO, Arivu",Jagame Thandhiram (Original Motion Picture Soundtrack),5A6cWSeDqJqMwt2ylrVHko,2021-06-07
Don'u Don'u Don'u - The Don's Romance,"Anirudh Ravichander, Alisha Thomas",Maari (Original Motion Picture Soundtrack),2kbxGCtWSV0f1ON720Bd4O,2015-06-07
Thangamey,Anirudh Ravichander,Naanum Rowdy Dhaan (Original Motion Picture Soundtrack),62KDpF0Hv7KJLZrrKXsz8r,2015-10-14
Kalyana Vayasu,Anirudh Ravichander,Kolamavu Kokila,09BF3kcZeMEG4Wzu0C4M9X,2018-07-19
Halena,"Harris Jayaraj, Christopher Stanley, Abhay Jodhpurkar, Ujjayinee Roy",Iru Mugan (Original Motion Picture Soundtrack),5hA3rXEanTpROJ2thUL6vw,2016-08-02
Neeve,Yazin Nizar,Neeve,5NObORkzAytZ9tmAyGXaRP,2016-10-21
Chamka Chamka,"Ranjith Govind, Geetha Madhuri",Chirutha,4nQTjFHjgznhXpW2j3bu9Y,2007-08-21
Ye Chilipi,Srinivas,Gharshana-New,3LYt0b1ljHUYoG5YL2WwWP,2004-06-19
Cheliya Cheliya,"KK, Suchitra",Gharshana-New,0anBHV3eP4hiHsLQR5AZsm,2004-06-19
Pilla Nuvvu Leni Jeevitham,"Anudeep Dev, Rahul",Pilla Nuvvu Leni Jeevitham,1tpSHNJZjyudKu3kK4wNJo,2014-10-25
Pilla Chao,Rahul Nambiar,Businessman,0AEoopl9xD5DDfs0R3Aqqs,2011-12-22
Pilla Picture Perfect,Nikhita Gandhi,Ranarangam,3na6VGHw5UrfEUHeHdAN6m,2019-07-29
Boom Boom,Nikhita Gandhi,Spyder (Telugu),5W4pohpSOIHfD2GRMLPVKx,2017-09-09
Ladio,"A.R. Rahman, Nikhita Gandhi",I (Original Motion Picture Soundtrack),1LlFJKCWj1G9mK0lBiYLk2,2014-09-18
Neethoney Dance,"Hiphop Tamizha, Nikhita Gandhi",Dhruva,2kFaEZJM9coKfesI5LOaPJ,2016-11-09
"Bekhayali (From ""Kabir Singh"")","Sachet Tandon, Sachet-Parampara","Bekhayali (From ""Kabir Singh"")",1feANd8EfcDP5UqSvbheM3,2019-05-24
Shiddat Title Track,Manan Bhardwaj,Shiddat,5O9jxRlG72h1sYxtqWwUcF,2021-09-22
Barbaadiyan,"Sachet Tandon, Nikhita Gandhi, Madhubanti Bagchi, Sachin-Jigar",Shiddat,6qZyM6JV8ohLC4S2EL5sFh,2021-09-22
"Husn Parcham (From ""Zero"")","Bhoomi Trivedi, Raja Kumari, Ajay-Atul","Husn Parcham (From ""Zero"")",0k2modGW9JkPeVZSYQvWhz,2018-12-12
Mellane,Sanjith Hegde,Rider,5GSDiJH0cGvEurELsoZLXk,2022-03-10
Davva Davva,Armaan Malik,Rider,3ipHW5XTIQ5CtNWEurXuOI,2022-03-10
"Davva Davva (From ""Rider"")","Armaan Malik, Arjun Janya","Davva Davva (From ""Rider"")",5T4MUhBDobvQSx4DWSbkZo,2021-10-16
Priya Priya,Rahul Nambiar,Jaguar,2tcXKUZQb7mR2oaSFuJERr,2016-09-02
Mamaseetha,"Karthik, Megha",Jaguar,6BbiJnR7aBjCXyXS1Kv3pT,2016-09-02
Oorigobba Raaja,"Thaman S, Puneeth Rajkumar, Ramya Behra",Yuvarathnaa (Kannada) (Original Motion Picture Soundtrack),1wbFDTmeDnAisviEoxLTOw,2021-08-04
Neenaade Naa,"Thaman S, Armaan Malik, Shreya Ghoshal",Yuvarathnaa (Kannada) (Original Motion Picture Soundtrack),2LFI7beuuO3cZUls7QWarg,2021-08-04
Guruvaram,Vijay Prakash,Kirrak Party (Original Motion Picture Soundtrack),6Mams2ZPHqDzPyQD1eM5x0,2018-03-10
Padhe Padhe,"Anirudh Ravichander, Shakthisree Gopalan, Brodha V",Jersey,4C2lBvxAbKJB8pQ2baVd2e,2019-04-17
"Ye Chota Nuvvunna (feat. Tulsi Kumar, Haricharan Seshadri)","Guru Randhawa, Tulsi Kumar, Haricharan",Saaho,67Ws2eKhfhzdAv12gRLqo5,2019-08-28
Digu Digu Digu Naaga,Shreya Ghoshal,Varudu Kaavalenu,4B7hHdp3YiEUoCfYJoRRP2,2021-08-04
So So Ga,Sid Sriram,Manchi Rojulochaie,41IQYtoxWhrxC6jKyyxHuK,2021-11-01
Penny,"Thaman S, Nakash Aziz",Penny - Sarkaru Vaari Paata,43MaYmeXYuEH4mpuaGH0uC,2022-03-20
Kanne Kanne,Anirudh Ravichander,Ayogya,1K1NqgcheWNhxJ9jg51ov5,2019-05-10
"Jolly O Gymkhana (From ""Beast"")","Thalapathy Vijay, Anirudh Ravichander","Jolly O Gymkhana (From ""Beast"")",6lpbzOMBOYHRsp6WEMvRvn,2022-03-19
"Bodhai Kaname - From ""Oh Manapenne""","Vishal Chandrashekhar, Anirudh Ravichander, Shashaa Tirupati","Bodhai Kaname (From ""Oh Manapenne"")",4qIMmEjV8gaEsfZML9LALx,2021-07-30
So Baby,"Anirudh Ravichander, Ananthakrrishnan",Doctor (Original Motion Picture Soundtrack),6SRzIqukq69xlvVoTSmrW5,2021-10-05
Chellamma,"Anirudh Ravichander, Jonita Gandhi",Doctor (Original Motion Picture Soundtrack),7fdsoKCtpx2hYXDRMoActW,2021-10-05
Arakkiye,"Anivee, Amitash, Jonita Gandhi",Arakkiye,3fdlG1p9oIxnUx5DsF8PZq,2021-02-12
Yeh Pyasi Jawani,Alka Yagnik,Gupt (Original Motion Picture Soundtrack),0DXR2HK3ygeK5sNYNWk1y1,1997-07-04
Mushkil Bada Yeh Pyaar Hai,"Alka Yagnik, Udit Narayan",Gupt (Original Motion Picture Soundtrack),2tvswXYnZML2ef89dZuGAG,1997-07-04
Jee Le Zaraa,Vishal Dadlani,Talaash,2r32XiAWtZbT3eLUvf4pag,2012-10-18
Chittiyaan Kalaiyaan,"Meet Bros Anjjan, Kanika Kapoor",Roy,6XjJXPP3UiGtAQpYkD01c0,2015-01-09
Sooraj Dooba Hain,"Arijit Singh, Aditi Singh Sharma",Roy,48pyUxg9RYuwie5M9R7qRn,2015-01-09
Tu Hai Ki Nahi,Ankit Tiwari,Roy,4brSaQIT3bnnE41D042fgL,2015-01-09
Toota Jo Kabhi Tara,"Atif Aslam, Sumedha Karmahe",A Flying Jatt,4x723mcckl6ToQHuXPhrIX,2016-08-04
Iraiva,"Anirudh Ravichander, Jonita Gandhi",Velaikkaran (Original Motion Picture Soundtrack),13nt0ZQGcwH7oPitTFwjPX,2017-12-04
Ennadi Maayavi Nee,"Santhosh Narayanan, Sid Sriram",VadaChennai (Original Motion Picture Soundtrack),47Cd4WP1ZOK8WXC68kqZ03,2018-09-23
Maruvaarthai,Sid Sriram,"Maruvaarthai (From ""Enai Noki Paayum Thota"")",4FyZDLPO1ErUjzwnLrCLTA,2017-02-11
"Kutti Story (From ""Master"")","Anirudh Ravichander, Thalapathy Vijay","Kutti Story (From ""Master"")",0Xm3PXjA4kXu2GxBhkLk61,2020-02-14
"Jigidi Killaadi (From ""Pattas"")","Anirudh Ravichander, Vivek - Mervin","Jigidi Killaadi (From ""Pattas"")",0OgazYID6CUlSeiAoeuf5B,2019-12-26
"Rakita Rakita Rakita (From ""Jagame Thandhiram"")","Santhosh Narayanan, Dhanush, Dhee","Rakita Rakita Rakita (From ""Jagame Thandhiram"")",2oNRoniEFnPdaCfkOQ9m0C,2020-07-28
"Kaattu Payale (From ""Soorarai Pottru"")","G. V. Prakash, Dhee","Kaattu Payale (From ""Soorarai Pottru"")",2b4nWymybHj38A6XtQijiA,2020-07-23
Enjoy Enjaami,"Dhee, Arivu, Santhosh Narayanan",Enjoy Enjaami,1baHxgYktT8eDdmtTozJF9,2021-03-05
"So Baby (From ""Doctor"")","Anirudh Ravichander, Ananthakrrishnan","So Baby (From ""Doctor"")",0t0mHozF8Xsif9w8bemh9D,2021-02-25
"Bujji (From ""Jagame Thandhiram"")","Santhosh Narayanan, Anirudh Ravichander","Bujji (From ""Jagame Thandhiram"")",6rJhjykEkCqm3H64uALhhf,2020-11-13
Nenjame,Anirudh Ravichander,Doctor (Original Motion Picture Soundtrack),6bUHZRZ4YpVxB1RWrPH5dh,2021-10-05
"Soul of Doctor (Theme) [From ""Doctor""]","Anirudh Ravichander, Niranjana Ramanan","Soul of Doctor (Theme) [From ""Doctor""]",6GFtWQYco30oKpMr5xJwy2,2021-09-28
"Two Two Two (From ""Kaathuvaakula Rendu Kaadhal"")","Anirudh Ravichander, Sunidhi Chauhan, Sanjana Kalmanje","Two Two Two (From ""Kaathuvaakula Rendu Kaadhal"")",6C8JJFoGC4dkVtAHVK3iif,2021-09-18
"Tum Tum (From ""Enemy - Tamil"")","Thaman S, Srivardhini, Aditi Bhavaraju, Satya Yamini, Roshini JKV, Tejaswini","Tum Tum (From ""Enemy - Tamil"")",3H3x4NhR3wJh6IvRHmPvkd,2021-09-03
Cheliya,KK,Yevadu,4TzigAgik8j6HvdTGWHOW3,2013-07-01
Neneppudaina,"Shankar Mahadevan, Shreya Ghoshal",Ramayya Vasthavayya,2NOTi5LCnVtftncWP9nXiG,2013-09-21
O Lailaa,"Rahul, Chours",Ramayya Vasthavayya,4cQ1djodOciziIoME8Yo9e,2013-09-21
Jabilli Nuvve,Ranjith Govind,Ramayya Vasthavayya,1f0YhW497uhA3NKe5S3fkA,2013-09-21
Emo Emo,"Armaan Malik, Shreya Ghoshal",Katamarayudu,1NvPsjNqD527lOJ2z8ucnb,2017-03-03
Kannuladha - The Kiss of Love,"Anirudh Ravichander, Dhanush, Shruti Haasan",3 (Original Motion Picture Soundtrack),1vnDu8pbmwz88G6RDugerQ,2012-03-22
Mass Biriyani,"Rahul Nambiar, Sahithi Chaganti",Krack,0WoXNjPmNxccicpCj1LPtu,2021-01-08
Yaen Ennai,"Harris Jayaraj, Sunitha Sarathy, Kharesma Ravichandran",Yennai Arindhaal (Original Motion Picture Soundtrack),3WFhdtvbXKXfRSJ2cPgdph,2015-01-04
Mazhai Vara Pogudhae,"Harris Jayaraj, Karthik, Emcee Jesz",Yennai Arindhaal (Original Motion Picture Soundtrack),5ich0wSxDxMryEjwZo6XzG,2015-01-04
I Wanna Fly,"L. V. Revanth, Sanjith Hegde, Hiphop Tamizha",Krishnarjuna Yudham,78PoXHAbXHvOx0HMaa1a8z,2018-03-26
Kadhal Cricket - Love (Not Out),"Hiphop Tamizha, Kharesma Ravichandran",Thani Oruvan (Original Motion Picture Soundtrack),2M8ic65G0VLkS6nEY53Uex,2015-07-22
Kannala Kannala - The Melting Point of Love,"Hiphop Tamizha, Kaushik Krish, Padmalatha",Thani Oruvan (Original Motion Picture Soundtrack),4nSwWiwtieiNmRAjy9fEXN,2015-07-22
Neeyum Naanum Anbe,"Hiphop Tamizha, Raghu Dixit, Sathyaprakash D., Jithin Raj",Imaikkaa Nodigal (Original Motion Picture Soundtrack),0zsA45R0SQPfqC5TyDOqY8,2018-06-27
Poongatre Poongatre,"Yuvan Shankar Raja, Benny Dayal",Paiya (Original Motion Picture Soundtrack),2cbRVHdH6ab9sPsnQjFRx6,2010-11-22
Dum Dum,"Salim–Sulaiman, Benny Dayal, Himani Kapoor, Amitabh Bhattacharya",Band Baaja Baaraat,788Lp6lHrCrxJAZvS2l9YZ,2010-03-11
Jenniper Lopez,"Benny Dayal, Priya",Jalsa,7DogGBT86sbjsNWQSIGLtB,2008-02-28
Kaise Mujhe,"Benny Dayal, Shreya Ghoshal",Ghajini,53DXM0bHfB7xkqJZYlksuh,2008-11-25
Locha-E-Ulfat,Benny Dayal,2 States,3V3QbgrOZKtFv5MXzAAdZr,2014-03-14
Bang Bang,"Benny Dayal, Neeti Mohan",Bang Bang (Original Motion Picture Soundtrack),7DonyrUlcVcrtk28mqvWNL,2014-09-15
Ude Dil Befikre,"Vishal-Shekhar, Benny Dayal, Jaideep Sahni",Befikre,0hgTkEDY9oIG5DPKN39KHP,2016-12-01
Aadat Se Majboor,"Salim–Sulaiman, Benny Dayal, Amitabh Bhattacharya",Ladies Vs Ricky Bahl,7CDP4uXu6mkBDzaTOx9yTS,2011-09-11
Badtameez Dil,"Pritam, Benny Dayal, Shefali Alvares",Yeh Jawaani Hai Deewani,4eu27jAU2bbnyHUC3G75U8,2013-03-30
"Chura Ke Dil Mera - From ""Hungama 2""","Benny Dayal, Anmol Malik, Anu Malik","Chura Ke Dil Mera (From ""Hungama 2"")",7d5ufSYehroRIgCXxJvcTM,2021-07-06
O Range,Benny Dayal,Orange,7sIVKdHUTRcHTUs9eBXRg0,2021-07-07
Vastunna Vachestunna - Telugu,"Shreya Ghoshal, Amit Trivedi, Anurag Kulkarni",V,0VMigv7BI8OpP6CRSkyKX6,2020-03-10
"Kannamma - From ""Ispade Rajavum Idhaya Raniyum""","Sam C.S., Anirudh Ravichander","Kannamma (From ""Ispade Rajavum Idhaya Raniyum"")",4KUQFOGTaHrggl3hfMoaAe,2019-01-11
Haali Haali,"Brijesh Tripati Sandilya, Harini, Sunitha",Spyder (Telugu),3Y7Dt0uszkNBMBTdxyckaV,2017-09-09
Nani Vayase,"Karthik, Blaaze, Sunitha",Nani,6lefqVOtD2CAD52sFGZXca,2004-03-26
Avunu Nijam,"KK, Sunitha",Athadu,3CW0qWSqqqDvQWritNm7bC,2005-10-10
Yela Yela,"Sunitha, Smitha",Aata,1rkoOnHhAyoIPXL2MN2oDb,2007-04-26
Gundu Sudhi,"M. M. Keeravani, Sunitha",Chatrapathi,5kmh1Zf0hYESmxwDI1IosB,2005-09-25
Dhimmathirigae,"Simha, Geetha Madhuri, Priya Hemesh",Srimanthudu,0Jid8Dg6yoDuLx4B7TBnRD,2015-07-18
Ittage Recchipodham,"Geetha Madhuri, Dhanunjay Seepana, Anudeep Dev, Arun",Temper,6InORfDvGGMxwR6iUUvS32,2015-01-28
Door Number Okati,Geetha Madhuri,Oopiri,5oyZumEp7fAIVnQhCKE6YZ,2016-02-28
Top Lesi Poddi,"Sagar, Geetha Madhuri",Idharammayilatho,0FSrCEox8bEpO3RD6ZfEr5,2013-04-28
Pakado Pakado,"Vinayak, Sameera Bharadwaj",Julayi,6YjMX6G0PoWx9WzYZyQBxt,2021-02-19
Hey Bombatu Byke Ayithe,"Dhanunjay Seepana, Harini Ivvaturi",Julayi,0znPMva9iUlMq0o0hpb6Fw,2021-02-19
Don Bosco,"Sri Krishna, Jaspreet Jasz, Hari Teja, Manisha Eerabathini, Ramya Behra",Amar Akbar Antony,05j8OBtR02Y6w0DUY5sbTT,2018-11-12
Kalala Kadhala,Harini Ivvaturi,Amar Akbar Antony,33Hsa0oH5W62aIfc8tT0uT,2018-11-12
Hawa Hawa,"Mika Singh, Prakriti Kakar",Mubarakan,497aKHFYNcS1z3bliPu45t,2017-07-06
Zara Zara X Cradles,Naim Almas,Zara Zara X Cradles,6BBW4MBbbqRGIugKUzmG6P,2021-12-31
Vaseegara / Zara Zara Mashup,Jonita Gandhi,Vaseegara / Zara Zara Mashup - Single,3B7eDo0JA8rkMRsPa9n7rq,2020-02-20
Ide Kalala Vunnadhe,Andrea Jeremiah,Bharat Ane Nenu,3Ey5rxxpgnt9pzxvsszh89,2018-04-07
Kadhal Yaanai,"Shankar Mahadevan, Harini",Anniyan (Original Motion Picture Soundtrack),2EmoaXUqkNFzIj6L9Oy0uy,2005-06-17
Kannum Kannum,"Leslee Lewis, Andrea Jeremiah, Vasundhara Das",Anniyan (Original Motion Picture Soundtrack),5FF8zFVcdfylo72ANbh9wV,2005-06-17
Oo Solriya Oo Oo Solriya,Andrea Jeremiah,Pushpa - The Rise,28fPIWqAfqoEEGSb0rA4LZ,2021-12-10
Five Feet,"Tippu, Priya",Jagadam,5EjkZ4AnBMR6DAN3Xli42y,2007-03-16
Mu Mu Mudante,"Tippu, Sunitha",Jagadam,1SuxPUyP3zTyU9MA6k9e1F,2007-03-16
Yekantanga,Karunya,Ashok,20S7lyoAgNXpBKoXG4rM4B,2006-07-06
Choododhu,"Karthik, Mahalakshmi Iyer",Pokiri,1QtFtMgfd7brff3mAGuWg8,2006-04-08
Jagadame,Kunal Ganjawala,Pokiri,5m1GXpMwU55oCr17bNcgyl,2006-04-08
Ippatikinka,"Muralidar, Suchitra",Pokiri,5Y0fbLc9DWYYwcKF5DQPiw,2006-04-08
Gala Gala Paruthunna,Nihal,Pokiri,6E2MIXNryG2WcVb9sh1I8L,2006-04-08
Dole Dole,"Ranjith Govind, Suchitra",Pokiri,3Mfoxtd3ZvpIZHy1WnEF77,2006-04-08
Noppi Noppi,Naveen,Pokiri,4pCRP5zNeDHLRh7zmPJOtx,2006-04-08
"Malang (Title Track) [From ""Malang - Unleash The Madness""]",Ved Sharma,"Malang (Title Track) [From ""Malang - Unleash The Madness""]",25MPTnqXQB1H6OkwSYUXWx,2020-01-16
"Hui Malang (From ""Malang - Unleash The Madness"")","Asees Kaur, Ved Sharma","Hui Malang (From ""Malang - Unleash The Madness"")",5bAed2aRbQbjDZF9qkNSA2,2020-02-03
"Humraah (From ""Malang - Unleash The Madness"")","Sachet Tandon, The Fusion Project","Humraah (From ""Malang - Unleash The Madness"")",4xmkpE1Si5JL7NFxWrhV0S,2020-01-23
Hatha,Lalith Chilukuri,Goodachari,3ewpBHToQVjCv2q7SnmsFd,2018-07-23
Anaganaga,Ambika Sashital,Goodachari,4Enr48UdAmBWn6PLgSLsqS,2018-07-23
Sakhiya,"Sricharan Pakala, Yamini Ghantasala",Goodachari,3XrgFJdi7Isja4pq7owxdc,2018-07-23
Goodachari Main Theme,Sricharan Pakala,Goodachari,66pcLcrEnus8gEcbmsN4vs,2018-07-23
You Are My Heart Beat - Telugu,"Anurag Kulkarni, Mickey J. Meyer",Iddari Lokam Okate,0ctKfa1O6O4UueGLhqKJB3,2019-12-13
You Are My Heart Beat,Anurag Kulkarni,Iddari Lokam Okate,4tapO1vYD4YLoUCkgDGwab,2019-10-14
Love Cheyyaala Oddhaa,Narendra,Kumari 21 F,5H1fqGHrjR78hQKw3iPjp2,2015-10-31
Meghaalu Lekunna,Yazin Nizar,Kumari 21 F,4YpxBrMONvVqbmXmYI2P5M,2015-10-31
Naalo Chilipi Kala (Theme Song),Yazin Nizar,Lover,79l2r6sNwz2p2kCjK5eB8y,2018-06-24
"Summa Surrunu (From ""Etharkkum Thunindhavan"")","Armaan Malik, Nikhita Gandhi, D. Imman","Summa Surrunu (From ""Etharkkum Thunindhavan"")",0sjg2rWD3IcQK07HOBw5Dq,2022-01-16
Kurilae Kurilae,"Harris Jayaraj, Javed Ali, Darshana K.T.",Kaappaan (Original Motion Picture Soundtrack),3CcZFF9VjwXrElkWZ6GjIX,2019-07-22
Hey Amigo,"Harris Jayaraj, Leslee Lewis, Jonita Gandhi",Kaappaan (Original Motion Picture Soundtrack),6YNh7d9B3Jlwlzkvq2MMbb,2019-07-22
Oh! Shanthi Shanthi,"Harris Jayaraj, Clinton, S.P.Charan",Vaaranam Aayiram (Original Motion Picture Soundtrack),06urexU7lv41RDdLnMzChi,2008-10-08
Anbae Peranbae,"Sid Sriram, Shreya Ghoshal",NGK (Original Motion Picture Soundtrack),6qRiVOBexkxK4BxSt1j6rn,2019-04-30
Wi Wi Wi Wi Wifi,Harris Jayaraj,S3 (Original Motion Picture Soundtrack),1Zmr2I4xoQdgphKB7or6Ns,2016-11-28
"Naan Aval Illai (From ""Masss"")","Karthik, Chinmayi",Masss (Original Motion Picture Soundtrack),0eMGhNcVuvY9aUM6SopdbW,2015-05-08
En Idhayam,"Devi Sri Prasad, Suchitra, Tippu",Singam (Original Motion Picture Soundtrack),2BB7wu5jJxxAEH9DKC5Mm4,2010-05-03
Yeno Yeno Panithuli,"Harris Jayaraj, Shail Hada, Sudha Ragunathan, Andrea Jeremiah",Aadhavan (Original Motion Picture Soundtrack),5APtMcc2hQv61LqoOrMv0O,2009-08-09
"Suttum Vizhi - Language: Tamil; Film: Ghajini; Film Artists: Surya, Asin",Sriram Parthasarathy,Ghajini,5grxO9GFZTtN2CVMlbEuIv,2005-01-01
Vaarayo Vaarayo,"Harris Jayaraj, Unnikrishnan, Chinmayi, Mega",Aadhavan (Original Motion Picture Soundtrack),13wIQbwSuQ4YFvDvtQgSVc,2009-08-09
Vizhi Moodi Yosithal,"Sathursan, Varothayan, Ab1shanth, Rajithan",Vizhi Moodi Yosithal,7yLBq1QePwcxPstePzca1I,2022-02-27
Varinche Prema,Haricharan,Malli Malli Idi Rani Roju (Original Motion Picture Soundtrack),6gw6Z0KmHZusBKaGQvkucO,2014-12-07
Marhaba,"Aaishwarya, Bhavya, Lakshmi, Gopi Sundar",Malli Malli Idi Rani Roju (Original Motion Picture Soundtrack),4OUNQNh2YVBHSHCOhtoSo9,2014-12-07
Yenno Yenno,"Karthik, Chinmayi",Malli Malli Idi Rani Roju (Original Motion Picture Soundtrack),4L5HCtdYiuqxZo55mIgNtT,2014-12-07
Gusa Gusa Lade,"Karthik, Pranavi",Gentleman (Original Motion Picture Soundtrack),1W5Ap5w2SFAKuxebIU2CAN,2016-05-22
Hello Hello,"Karthik, Chinmayi",Bhale Bhale Magadivoi,1nBbMLTnf3bSyKrGVMoFxk,2015-08-15
Unnatundi Gundey,"Karthik, Chinmayi",Ninnu Kori (Original Motion Picture Soundtrack),0S2Db7xLxAf3qApr7Rm79V,2017-06-27
Yela Yela,"Sunitha, Smitha",Aata (Original Motion Picture Soundtrack),2CpXWXN6di8i9Ov9nHoZ9h,2007
Ninu Choosthunte,"Siddharth, Sumangali",Aata (Original Motion Picture Soundtrack),1xq01tN2IqpGSMjeWY1NLO,2007
Sa Sa Sye,"Karthik, K. S. Chithra",Bhadra (Original Motion Picture Soundtrack),5FDoYv1LFnPy8lccP43ibI,2005
Nani Vayase,"Karthik, Blaaze, Sunitha",Nani (Original Motion Picture Soundtrack),1APEwbFWU5NTQHaMHeDIXY,2004
Vastha Nee Venuka,"Hariharan, Harini",Nani (Original Motion Picture Soundtrack),6yHLSsBq5QZbOzPohSckxD,2004
Hoyna,"Karthik, K. S. Chithra",Aata,2RB0HGpFZ3ScPEqC7uCqr3,2007-04-26
Oka Maru,Karthik,Ghajini,6NCMhWthZdWGbG3ce0Muek,2005-10-26
Hasili Fisiliye,"Harris Jayaraj, Karthik, Harini, Dr. Burn, Maya",Aadhavan (Original Motion Picture Soundtrack),6vztfVJ1lTWe23YMNv6Pk1,2009-08-09
Unnaale Unnaale,"Karthik, Krishh, Harini",Unnale Unnale,1RQw9ruSPj5Is7OzqG09Zs,2006-12-31
"Thooriga - From ""Navarasa""",Karthik,"Thooriga (From ""Navarasa"")",19O4hCGGm95UhvIyhwnNT5,2021-07-12
"Naan Aval Illai (From ""Masss"")","Karthik, Chinmayi",Masss (Original Motion Picture Soundtrack),6Nn1HQY0JSHvAGk1Le6cPC,2015-05-26
Hold Me Now,"Sanjith Hegde, Thurga",Pyaar Prema Kaadhal (Original Motion Picture Soundtrack),4LUoIdnriI5UDn5R7u1D2N,2018-02-13
High on Love,Sid Sriram,Pyaar Prema Kaadhal (Original Motion Picture Soundtrack),0zDmCKN7OlRmNmeiiJAyOR,2018-02-13
En Kadhal Solla,"Yuvan Shankar Raja, Tanvi Shah",Paiya (Original Motion Picture Soundtrack),1vzxYeTJ9dTtyJXkNWVJDZ,2010-11-22
Thuli Thuli,"Yuvan Shankar Raja, Haricharan, Tanvi Shah",Paiya (Original Motion Picture Soundtrack),2uqXfUERVBLa1heEoUTBlO,2010-11-22
Dil Se,"Karthik, Shweta Mohan",Gabbar Singh,70aYyuwZG2KxnJ5Yw5irTy,2012-04-15
Nee Paata Madhuram - The Touch of Love,"Anirudh Ravichander, Roop Kumar Rathod, Shreya Ghoshal",3 (Original Motion Picture Soundtrack),6fP7zEaXUaGmzTDyvA79Ng,2012-03-22
"Mind Block (From ""Sarileru Neekevvaru"")","Blaaze, Ranina Reddy, Devi Sri Prasad","Mind Block (From ""Sarileru Neekevvaru"")",15tCasit297c9SsbU3R95d,2019-12-02
Thirudaadhe Thirudaadhe,"Darbuka Siva, Karthik, Aaryan Dinesh Kanagaratnam, Jonita Gandhi",Enai Noki Paayum Thota (Original Motion Picture Soundtrack),6AvUApzyOuOFaqmA6iWo5H,2019-09-01
Hey Nijame,"Darbuka Siva, Bombay Jayashri",Enai Noki Paayum Thota (Original Motion Picture Soundtrack),3fuL6gXOw7v2QFw8wO7S1t,2019-09-01
Naan Pizhaippeno,Sathyaprakash,Enai Noki Paayum Thota (Original Motion Picture Soundtrack),7wXnBBHySmyIIZIj1dEAMW,2019-09-01
Visiri,"Sid Sriram, Shashaa Tirupati",Enai Noki Paayum Thota (Original Motion Picture Soundtrack),5p3WUyv5rvpCkreNJVg20K,2019-09-01
Koova,"Karthik, Chinna Ponnu",Ondraga Originals,0MqVQMkcEdJQ2cnFOOdrSk,2018-01-14
Ulaviravu,Karthik,"Ulaviravu (From ""Ondraga Originals"")",0PZmd2nRD30Yq6ZutVUq0F,2018-02-14
"Bodhai Kodhai (From ""Ondraga Originals"")","Sanjith Hegde, Karthik","Bodhai Kodhai (From ""Ondraga Originals"")",5cMXwuQZ69FqGKtTmBc8ox,2018-06-15
Rooba Rooba,"Shahil Hada, Chinmayi",Orange,1rJmySqUrHQP0O4l1JX8E9,2010-10-25
O Range,Benny Dayal,Orange,2aFJm1hy8E73UVu9a0tP40,2010-10-25
"Adiye - From ""Bachelor""","Dhibu Ninan Thomas, Kapil Kapilan","Adiye (From ""Bachelor"")",2tMoOS9grHtn4upzb4LwMG,2021-09-30
OMG Ponnu,"Sid Sriram, Jonita Gandhi",Sarkar (Tamil) [Original Motion Picture Soundtrack],7CZYShn64kMixm8gqrTpww,2018-10-03
Taare Ginn,"A.R. Rahman, Mohit Chauhan, Shreya Ghoshal",Dil Bechara (Original Motion Picture Soundtrack),1wbxjQnN7MTk8MKt3SumyY,2020-07-10
Kanne Kanne - Madras Gig,"Leon James, Jonita Gandhi",Kanne Kanne (Madras Gig),6FJamQryHRITSdGXQFsWyg,2018-07-11
Main Tumhara,"A.R. Rahman, Jonita Gandhi, Hriday Gattani",Dil Bechara (Original Motion Picture Soundtrack),2ZvWoJ82LKCgD0nU9H5ue5,2020-07-10
Ennai Konjum,"Tippu, Salinisingh, Timmy",Kaakha Kaakha (Original Motion Picture Soundtrack),1M2x5Qu14L6B3rHHq37EiN,2003-09-27
Uyirin Uyire,"KK, K. S. Chithra",Kaakha Kaakha (Original Motion Picture Soundtrack),7LuYc1yBvfvvLC1O7Ng4v4,2003-09-27
Ondra Renda,Bombay Jayashri,Kaakha Kaakha (Original Motion Picture Soundtrack),6APAPsBCutqTFJ9OFTbeCa,2003-09-27
Dhoothu Varuma,"Sunitha Sarathy, Febi Mani",Kaakha Kaakha (Original Motion Picture Soundtrack),170FDLIeaq89cMUbj5YDnH,2003-09-27
Ra Ra Vasthava,"Chaitra, Santosh",Heart Attack,7jbgGWtejoVBU9pCzYUMK8,2014-09-01
Thuhi Hai Thuhi,"Anup Rubens, Smitha Belluri",Heart Attack,0Cg1ZVB80D5uDcTqJxQdxB,2014-09-01
Selavanuko,Chaitra,Heart Attack,1JQgT6ljGiO61B9l6OMO4B,2014-09-01
Ishq Shava,"A.R. Rahman, Raghav, Shilpa Rao, Gulzar",Jab Tak Hai Jaan,3RTL7zAwEu9vi5F4M9zeX1,2012-10-09
"Ghungroo (From ""War"")","Vishal-Shekhar, Arijit Singh, Shilpa Rao, Kumaar","Ghungroo (From ""War"")",0WdbnNKO0Jt4BZACSDQh44,2019-09-30
Yendi Raasathi,"Sam C.S., Sathyaprakash, Roshini",Ispade Rajavum Idhaya Raniyum (Original Motion Picture Soundtrack),58YRhhGJaz4x0BeqziPPaz,2019-01-28
Beat In My Heart,"Nagoor Babu, Gayathri",Gulabi,0LMvYrD1JpHavQcyRoSaqZ,1995-02-19
Padana Gopala,"Mano, Eeshwar, K. S. Chithra",Gayam,20zCvFZMT85tLeqBy1jcwO,2014-08-01
Nachave Nizam Pori,"Adnan Sami, Sunitha Rao",Varsham,1BftYfxjWNKjshPlkQaqe1,2003-12-17
Jumbaye,"Mano, K. S. Chithra",Kshana Kshanam,4gWJC4FcE32gKWIQwsIFMr,2014-08-01
Jaamurathiri,"S. P. Balasubrahmanyam, K. S. Chithra",Kshana Kshanam,3dgyYMieHT1BDCnEwzQPp1,2014-08-01
Ammayi Muddu,"S. P. Balasubrahmanyam, K. S. Chithra",Kshana Kshanam,1UBzRAza2ksUSDLAOv5exb,2014-08-01
Darlingey,"Devi Sri Prasad, Geetha Madhuri",Mirchi,5PXmfhFNAxiqK86Xknc1HB,2013-01-05
Apudo Ipudo,Siddharth,Bommarillu,4KDq9bn0wdEbIFQDi1CGgj,2006-08-14
Om Namaha,"S. P. Balasubrahmanyam, S. Janaki",Geetanjali,5JXlco11iEcsd18MRehIHr,1989-05-10
O Priya,"S. P. Balasubrahmanyam, K. S. Chithra",Geetanjali,2RNMlVEE41K8XQuuTqP8eL,1989-05-10
Jagada Jagada,S. P. Balasubrahmanyam,Geetanjali,3g2zJRXASsSLUNM2sMbCcW,1989-05-10
Neethone,"Kunal Ganjawala, Shreya Ghoshal",Adhurs,5dGcz3iPS3irCsAaTm05PS,2009-12-05
Uppenantha,"Devi Sri Prasad, KK",Aarya - 2 (Original Motion Picture Soundtrack),57zEYntUat0ofbFpoicN26,2009-10-30
Mr. Perfect,"Devi Sri Prasad, Baba Sehgal, Rita",Aarya - 2 (Original Motion Picture Soundtrack),4HB1ILmewz18T9jGNHmmBe,2009-10-30
Ninne Pelladu,"Ranjith Govind, Kalpana",Ready,0xQQRL9Qci102qJlWvgQ3N,2008-05-19
Hello Rammante,"Vijay Prakash, Devan Ekambaram, D.Burn",Orange,3WqQkDTab7sYjRX9Uf7mqr,2010-10-25
Po Nee Po - The Pain of Love,"Anirudh Ravichander, Mohit Chauhan",3 (Original Motion Picture Soundtrack),6zdikHQs2PBFgGIZBxqOeV,2011-12-23
Kannamma,"Sam C.S., Anirudh Ravichander",Ispade Rajavum Idhaya Raniyum (Original Motion Picture Soundtrack),45THyhjDbYhNU7bDrTTUK6,2019-01-28
"Nenjame (From ""Doctor"")",Anirudh Ravichander,"Nenjame (From ""Doctor"")",491DwnBb3MA8RzyA2E0Skt,2020-08-20
You’Re My Love,Puyush Kapoor (English Lyrics Dsp),No 1 Nenokkadine,0EV7Iol5TYTzVufJTT6ZSX,2014-08-01
Who R U,Dsp,No 1 Nenokkadine,40Z8bpGJPxjClb4NK8j0LJ,2014-08-01
Aww Tuzo,Neha Bhasin,No 1 Nenokkadine,6OKfxoZ4qW4ZHJs0RglVRr,2014-08-01
O Sayonara,"Sooraj Santhosh, M. M. Manasi",No 1 Nenokkadine,2O0gfUalCw8AM1KE3Tru2e,2014-08-01
Akasam Ammayaithe,"Shankar Mahadevan, Gopika Poornima",Gabbar Singh,14I31bbtEZVADFi1uCcxcu,2012-04-15
Ninnila,"Armaan Malik, Thaman S",Tholi Prema,2DDOQBKGmkv7bPoYF1bELz,2018-01-16
O Madhu,Adnan Sami,Julai,1VDDoa82Oktn7FDPKBcsw8,2012-06-09
Vaathi Raid,"Anirudh Ravichander, Arivu",Master (Original Motion Picture Soundtrack),4PML5RtrVcYAwTTS46otXB,2020-03-16
Vastunna Vachestunna - Telugu,"Shreya Ghoshal, Amit Trivedi, Anurag Kulkarni",V,7xIGNwEgAAdQ0bRgWph5cJ,2020-08-28
Kanne Kanne,"Anurag Kulkarni, Chinmayi",Arjun Suravaram,1xkeK8WR55UkcVAW7wFaxY,2019-11-27
Dimaak Kharaab,"Keerthana Sharma, Saketh","Dimaak Kharaab (From ""Ismart Shankar"")",2xr3uvrbq6OKCUX2puxj8q,2019-06-07
Padi Padi Leche,"Armaan Malik, Sinduri Vishal",Padi Padi Leche Manasu,7tXaDnRF8OVbcecl0KurVn,2018-12-10
Nee Kallalona,Hemachandra Vedala,Jai Lava Kusa,1TbAX8IybA1SCy4z4rNTpn,2017-09-03
Gaali Vaaluga,Anirudh Ravichander,Agnyaathavaasi (Original Motion Picture Soundtrack),4xm7NTpUd9wJNxjvSHMeyQ,2017-12-19
Ninnila,Armaan Malik,Toliprema (Original Motion Picture Soundtrack),5a7RaYvPiV2ThtSqpS2m4x,2018-01-20
Adiga Adiga,Sid Sriram,Ninnu Kori (Original Motion Picture Soundtrack),2LTgKIErzHLjtQjIEkGrU5,2017-06-27
Priyathama Priyathama,Chinmayi,Majili,4wHZiaLsuI9aQdWv4f3Esd,2019-03-11
Manasu Maree - Telugu,"Amit Trivedi, Shashaa Tirupati, Yazin Nizar",Manasu Maree,57xczqwxDF0HZsuPyVEJXa,2020-02-24
Nuvvele Nuvvele,Shweta Mohan,Jaya Janaki Nayaka,2NEFT1kFinuwRgow5plEZE,2017-08-01
Nee Selvadigi,Shweta Mohan,Janatha Garage,14ZvcewteMfdD32us40NDC,2016-08-12
Sada Siva,"Mani Sharma, Ramesh Vinayakam, Karunya",Khaaleja (Original Motion Picture Soundtrack),7sB18S2Ae8Aye4n9s9LZNj,2010-09-24
Taxi,"Mani Sharma, Ranjith Govind",Khaaleja (Original Motion Picture Soundtrack),0qVqPTe9U3vaCQJIFMcXEE,2010-09-24
Sunday Monday,"Mani Sharma, Hemachandra Vedala, Malavika",Khaaleja (Original Motion Picture Soundtrack),2hFdANP5tt7m26v07Ba34u,2010-09-24
Makathika,"Mani Sharma, Karthik, Saindhavi",Khaaleja (Original Motion Picture Soundtrack),09g0nXVR567ITiVzmrYqcT,2010-09-24
Pileche,"Mani Sharma, Hemachandra Vedala, Shweta Mohan",Khaaleja (Original Motion Picture Soundtrack),1mOCb1w5n62jLGHJqpGL2W,2010-09-24
Bhoom Shakenaka,"Mani Sharma, Ranjith Govind, Sravana Bhargavi",Khaaleja (Original Motion Picture Soundtrack),0gByuuGKyyaa4lisPUSP54,2010-09-24
"Vaathi Coming (From ""Master"")","Anirudh Ravichander, Gana Balachandar","Vaathi Coming (From ""Master"")",4dJrjWtAhEkW7VdPYSL1Ip,2020-03-10
Love Dhebba,"Deepak, Sravana Bhargavi",Nannaku Prematho (Original Motion Picture Soundtrack),3voVT9SGPZCT6tYXVbwAao,2015-12-25
Niharika,"Vijay Prakash, Neha Bhasin",Oosaravelli,1yVEpXyOeFB0obLo5sTF8F,2011-09-16
Follow Follow,Devi Sri Prasad,Nannaku Prematho (Original Motion Picture Soundtrack),0kz3Bh09Li3wtcreZV3BKM,2015-12-25
Shiva Shambo (Thodasa Pyar),Devi Sri Prasad,Adhurs,4oj85t0i15ghedqRDl4qSR,2009-12-05
Rakaasi Rakaasi,Jr. NTR,Rabhasa (Original Motion Picture Soundtrack),1qmfLCVMxiEpnwrPBWFmjh,2014-09-26
Love Me Again,Sooraj Santhosh,Nannaku Prematho (Original Motion Picture Soundtrack),0aygY9LqK1bCqyKK1bOsio,2015-12-25
Padhe Padhe,"Anirudh Ravichander, Shakthisree Gopalan, Brodha V",Padhe Padhe (Jersey),5ISjos4cA8pK2pMnzUOIYN,2019-04-08
Manassa,"Haricharan, Sadhana Sargam",Munna,3YB09zhSWO8mmESr8NUV0n,2007-05-07
Vaseegara,Bombay Jayashri,Minnale (Original Motion Picture Soundtrack),3vxy9D4qd7TO4j6Gi2zmXo,1962-01-02
Adiye,"Dhibu Ninan Thomas, Kapil Kapilan",Bachelor (Original Motion Picture Soundtrack),6ot9hTwAduVH0MewyFpiMw,2021-11-26
Adiyae Kolluthey,"Harris Jayaraj, Krishh, Benny Dayal, Shruti Haasan",Vaaranam Aayiram (Original Motion Picture Soundtrack),2YoPh281gD3xPnTkojVSr3,2008-10-08
Annul Maelae,"Harris Jayaraj, Sudha Ragunathan",Vaaranam Aayiram (Original Motion Picture Soundtrack),2WO5nzB7QtKn9ZRc9Jkalt,2008-10-08
Suthudhe Suthudhe,"Yuvan Shankar Raja, Karthik, Sunitha Sarathy",Paiya (Original Motion Picture Soundtrack),7fGcPKzKiXAVL0mqesq4dT,2010-11-22
Hey Nijame,"Bombay Jayashri, Darbuka Siva",Enai Noki Paayum Thota (Original Motion Picture Soundtrack),5nG2hbCPI0urycsRN8M3OR,2019-09-01
Thirudaadhe Thirudaadhe,"Darbuka Siva, Jonita Gandhi, Karthik, Aaryan Dinesh Kanagaratnam","Thirudaadhe Thirudaadhe (From ""Enai Noki Paayum Thota"" Original Motion Picture Soundtrack)",0dXSHwE938tow27WBaZTGg,2019-08-27
Minnalgal Koothadum,"Karthik, Bombay Jeyashree",Polladhavan (Original Motion Picture Soundtrack),3h0W7VWNFZsll7EHTAQWlh,2021-06-15
Andha Kanna Paathaakaa,"Anirudh Ravichander, Yuvan Shankar Raja",Master (Original Motion Picture Soundtrack),0qvoxfYodIfe14gaidhnsV,2020-03-16
Nee Paartha Vizhigal - The Touch of Love,"Anirudh Ravichander, Vijay Yesudas, Shweta Mohan",3 (Original Motion Picture Soundtrack),0xttqqTj7ZAGyVkfOYxQ4F,2011-12-23
Udhungada Sangu,Anirudh Ravichander,Velai Illa Pattadhaari (Original Motion Picture Soundtrack),24GlSNySJ9tAwkvZPuVb63,2016-01-14
JD Intro - Background Score,Anirudh Ravichander,Master (Original Background Score),7KqmDr9lTjwXnX5krMIKiC,2021-02-08
Kanave Kanave,Anirudh Ravichander,David,6sPW145Y3LSXd4p1LjBOcS,2013-01-10
"Ilamai Thirumbudhe - From ""Petta""",Anirudh Ravichander,Petta (Original Motion Picture Soundtrack),4IUGuoJ41g5fLIqsO1MJoU,2018-12-10
Kaththi Theme… The Sword of Destiny,Anirudh Ravichander,Kaththi (Original Motion Picture Soundtrack),1m2PQa2vARopdOK8xGVkaX,2014-09-18
"Arabic Kuthu - Halamithi Habibo (From ""Beast"")","Anirudh Ravichander, Jonita Gandhi","Arabic Kuthu - Halamithi Habibo (From ""Beast"")",6yvxu91deFKt3X1QoV6qMv,2022-02-14
Kannazhaga - The Kiss of Love,"Anirudh Ravichander, Dhanush, Shruti Haasan",3 (Original Motion Picture Soundtrack),2MwCoo4GeXpi8soWn9EiPo,2011-12-23
"Master the Blaster (From ""Master"")","Anirudh Ravichander, Bjorn Surrao","Master the Blaster (From ""Master"")",2cVJDlu9jmkPUeuJxA6v8i,2021-01-15
"Arabic Kuthu - Halamithi Habibo (From ""Beast"")","Anirudh Ravichander, Jonita Gandhi","Arabic Kuthu - Halamithi Habibo (From ""Beast"")",6yvxu91deFKt3X1QoV6qMv,2022-02-14
"Jalabulajangu (From ""Don"")","Anirudh Ravichander, Rokesh","Jalabulajangu (From ""Don"")",4HdzYTQiouB9BVYX7JOrhh,2021-12-16
"Naan Pizhai (From ""Kaathuvaakula Rendu Kaadhal"")","Anirudh Ravichander, Ravi G, Shashaa Tirupati","Naan Pizhai (From ""Kaathuvaakula Rendu Kaadhal"")",1UUgngRGzFWfgpyN0WAN1r,2022-01-03
"Bae (From ""Don"")","Anirudh Ravichander, Adithya RK","Bae (From ""Don"")",5D507IC1VOAg7bKkmOblr6,2022-02-03
"Jolly O Gymkhana (From ""Beast"")","Thalapathy Vijay, Anirudh Ravichander","Jolly O Gymkhana (From ""Beast"")",6lpbzOMBOYHRsp6WEMvRvn,2022-03-19
Kanave Kanave,Anirudh Ravichander,David,6sPW145Y3LSXd4p1LjBOcS,2013-01-10
"Chellamma (From ""Doctor"")","Anirudh Ravichander, Jonita Gandhi","Chellamma (From ""Doctor"")",0fGclndst25Qqy8j4u5De5,2020-07-16
Nee Paartha Vizhigal - The Touch of Love,"Anirudh Ravichander, Vijay Yesudas, Shweta Mohan",3 (Original Motion Picture Soundtrack),0xttqqTj7ZAGyVkfOYxQ4F,2011-12-23
"So Baby (From ""Doctor"")","Anirudh Ravichander, Ananthakrrishnan","So Baby (From ""Doctor"")",0t0mHozF8Xsif9w8bemh9D,2021-02-25
Udhungada Sangu,Anirudh Ravichander,Velai Illa Pattadhaari (Original Motion Picture Soundtrack),24GlSNySJ9tAwkvZPuVb63,2016-01-14
"Bodhai Kaname - From ""Oh Manapenne""","Vishal Chandrashekhar, Anirudh Ravichander, Shashaa Tirupati","Bodhai Kaname (From ""Oh Manapenne"")",4qIMmEjV8gaEsfZML9LALx,2021-07-30
Idhazhin Oram - The Innocence of Love,"Anirudh Ravichander, Ajesh",3 (Original Motion Picture Soundtrack),6NwEpX2JUWHVKWfDDfcqC4,2011-12-23
"Two Two Two (From ""Kaathuvaakula Rendu Kaadhal"")","Anirudh Ravichander, Sunidhi Chauhan, Sanjana Kalmanje","Two Two Two (From ""Kaathuvaakula Rendu Kaadhal"")",6C8JJFoGC4dkVtAHVK3iif,2021-09-18
"Enakenna Yaarum Illaye (From ""Aakko"")",Anirudh Ravichander,"Enakenna Yaarum Illaye (From ""Aakko"")",6sAdmaffuMijDszeFrGF1H,2015-02-14
Why This Kolaveri Di? - The Soup of Love,"Anirudh Ravichander, Dhanush",Why This Kolaveri Di? (The Soup of Love),2VGs7EmaIxq96Wcog6DQOc,2011-11-16
Senjitaley,Anirudh Ravichander,Remo (Original Motion Picture Soundtrack),2RB3zzgxWc2RRBaJOkSEka,2016-09-05
Kannuladha - The Kiss of Love,"Anirudh Ravichander, Dhanush, Shruti Haasan",3 (Original Motion Picture Soundtrack),1vnDu8pbmwz88G6RDugerQ,2012-03-22
Kannazhaga - The Kiss of Love,"Anirudh Ravichander, Dhanush, Shruti Haasan",3 (Original Motion Picture Soundtrack),2MwCoo4GeXpi8soWn9EiPo,2011-12-23
Andha Kanna Paathaakaa,"Anirudh Ravichander, Yuvan Shankar Raja",Master (Original Motion Picture Soundtrack),0qvoxfYodIfe14gaidhnsV,2020-03-16
Hoyna Hoyna,"Anirudh Ravichander, Inno Genga",Gang Leader (Original Motion Picture Soundtrack),7mNQwVYgoB3mtjkjCKsbXM,2019-09-05
Nee Paata Madhuram - The Touch of Love,"Anirudh Ravichander, Roop Kumar Rathod, Shreya Ghoshal",3 (Original Motion Picture Soundtrack),6fP7zEaXUaGmzTDyvA79Ng,2012-03-22
Po Nee Po - The Pain of Love,"Anirudh Ravichander, Mohit Chauhan",3 (Original Motion Picture Soundtrack),6zdikHQs2PBFgGIZBxqOeV,2011-12-23
Gaali Vaaluga,Anirudh Ravichander,Agnyaathavaasi,5pOY1Vg2TIIbVBfR6yAg0C,2017-11-07
"Ilamai Thirumbudhe - From ""Petta""",Anirudh Ravichander,Petta (Original Motion Picture Soundtrack),4IUGuoJ41g5fLIqsO1MJoU,2018-12-10
Vaathi Coming,"Anirudh Ravichander, Gana Balachandar",Master (Original Motion Picture Soundtrack),2BcPFQ7nrtUObgAs72xaac,2020-03-16
"Beast Announcement Theme (From ""Beast"")",Anirudh Ravichander,"Beast Announcement Theme (From ""Beast"")",6jiMGpaN4Sx7xYlSQqfjnz,2022-02-23
Oh Penne,"Anirudh Ravichander, Vishal Dadlani",Vanakkam Chennai (Original Motion Picture Soundtrack),1zAkNzJZVPrWDCnowb1vpZ,2013-07-31
Thangamey,Anirudh Ravichander,Naanum Rowdy Dhaan (Original Motion Picture Soundtrack),62KDpF0Hv7KJLZrrKXsz8r,2015-10-14
Boomi Enna Suthudhe,Anirudh Ravichander,Ethir Neechal (Original Motion Picture Soundtrack),7I2iaEOGWSfMOaTk8z4ZtD,2012-12-15
"Bujji (From ""Jagame Thandhiram"")","Santhosh Narayanan, Anirudh Ravichander","Bujji (From ""Jagame Thandhiram"")",6rJhjykEkCqm3H64uALhhf,2020-11-13
Kannamma,"Sam C.S., Anirudh Ravichander",Ispade Rajavum Idhaya Raniyum (Original Motion Picture Soundtrack),45THyhjDbYhNU7bDrTTUK6,2019-01-28
"Yaanji - From ""Vikram Vedha""","Sam C.S., Anirudh Ravichander, Shakthisree Gopalan","Yaanji (From ""Vikram Vedha"")",6EB454nVg2u6sbeCvWAPej,2017-06-12
Kaththi Theme… The Sword of Destiny,Anirudh Ravichander,Kaththi (Original Motion Picture Soundtrack),1m2PQa2vARopdOK8xGVkaX,2014-09-18
Aaluma Doluma,"Anirudh Ravichander, Badshah",Vedalam (Original Motion Picture Soundtrack),1Do2hDE0etMakAEQbyOd4L,2015-10-16
Amma Amma,"Anirudh Ravichander, Dhanush, S. Janaki",Velai Illa Pattadhaari (Original Motion Picture Soundtrack),5MXLGqsMbHMTKbuOOGbeGn,2016-01-14
Karuthavanlaam Galeejaam,Anirudh Ravichander,Velaikkaran (Original Motion Picture Soundtrack),22cCckQ9DR4E94QhtUzSW3,2017-12-04
Mersalaayitten,"A.R. Rahman, Anirudh Ravichander, Neeti Mohan",I (Original Motion Picture Soundtrack),78R4fDeRrcoBIxL6uX4TnJ,2014-09-18
"Takkunu Takkunu - From ""Mr. Local""","Hiphop Tamizha, Anirudh Ravichander","Takkunu Takkunu (From ""Mr. Local"")",4FL8i7miD18FuMN08XGKcM,2019-04-06
"Master the Blaster (From ""Master"")","Anirudh Ravichander, Bjorn Surrao","Master the Blaster (From ""Master"")",2cVJDlu9jmkPUeuJxA6v8i,2021-01-15
Osaka Osaka,"Anirudh Ravichander, Pragathi",Vanakkam Chennai (Original Motion Picture Soundtrack),7xV3MCJ6YI3K4I6Jt1a9H7,2013-07-31
Po Indru Neeyaga,"Anirudh Ravichander, Dhanush",Velai Illa Pattadhaari (Original Motion Picture Soundtrack),7fttjqzmvgvpRQoOzyYng3,2016-01-14
JD Intro - Background Score,Anirudh Ravichander,Master (Original Background Score),7KqmDr9lTjwXnX5krMIKiC,2021-02-08
"Sanchari (From ""Radhe Shyam"")","Anirudh Ravichander, Justin Prabhakaran","Sanchari (From ""Radhe Shyam"")",1ysF7N4pb8cQeyDyEgsPq1,2021-12-16
Oh Oh - The First Love of Tamizh,"Anirudh Ravichander, Dhanush, Nikhita Gandhi",Thangamagan (Original Motion Picture Soundtrack),3B4Wf3Fo11BXSuVPi1dtDO,2015-11-27
Adhento Gaani Vunnapaatuga,Anirudh Ravichander,Jersey,6rji5mwjuHRuhozNhn8DG8,2019-04-17
Tamilselvi,"Anirudh Ravichander, Nakash Aziz",Remo (Original Motion Picture Soundtrack),7zEqY4oGrTVOx85VlRSymi,2016-09-05
Gangu Leader,Anirudh Ravichander,Gang Leader (Original Motion Picture Soundtrack),05dYneZZZ2mytSmnsvzFoW,2019-09-05
Quit Pannuda,Anirudh Ravichander,Master (Original Motion Picture Soundtrack),66N9OkT3uarJxuzD7iU4BP,2020-03-16
"Jai Sulthan - From ""Sulthan""","Vivek - Mervin, Anirudh Ravichander, Junior Nithya, Gana Guna","Jai Sulthan (From ""Sulthan"")",7crGzxRqI5pMZAjZgF9uu2,2021-02-11
Un Vizhigalil,"Anirudh Ravichander, Shruti Haasan",Maan Karate (Original Motion Picture Soundtrack),5fqsWynhQRpoIVeRfRu4yQ,2014-03-16
"Nenjame (From ""Doctor"")",Anirudh Ravichander,"Nenjame (From ""Doctor"")",491DwnBb3MA8RzyA2E0Skt,2020-08-20
